id,distrito,candidato,cargo,frente_alianza,actividad_actual,referente,agrupacion,alineamiento,particularidades,the_geom,cartodb_id,created_at,updated_at
6,Merlo,Jorge Sartori,Intendente,UNA,,,,,,,30,2015-08-08 13:51:57.537873+00,2015-08-08 14:02:25.331019+00
13,Tigre,Anibal Diaz,Intendente,PROGRESISTAS,,,,,,,77,2015-08-08 13:51:57.537873+00,2015-08-08 14:02:25.331019+00
10,Tres De Febrero,Diego Achilli,Intendente,UNA,CONCEJAL,,,Sola,,,51,2015-08-08 13:51:57.537873+00,2015-08-08 14:02:25.331019+00
10,Tres De Febrero,N. Bianchi,Intendente,PROGRESISTAS,,,,,,,56,2015-08-08 13:51:57.537873+00,2015-08-08 14:02:25.331019+00
10,Tres De Febrero,Daniel Ferrari,Intendente,PROGRESISTAS,,,,,,,57,2015-08-08 13:51:57.537873+00,2015-08-08 14:02:25.331019+00
1,La Matanza,Veronica Magario,Intendente,FPV,DIP NAC,Espinoza,,Dominguez,Hija del contador de Montoneros / Se inició con Balestrini,,1,2015-08-08 13:51:57.537873+00,2015-08-08 14:02:25.331019+00
1,La Matanza,Miguel Saredi,Intendente,CAMBIEMOS,DIR DE CS POL - UCES,,PRO,Vidal,Fue director del Mercado Central. Tiene buena relación con Moreno,,2,2015-08-08 13:51:57.537873+00,2015-08-08 14:02:25.331019+00
1,La Matanza,Ruben Ledesma,Intendente,UNA,SINDICALISTA,Caamaño,,Sola,,,3,2015-08-08 13:51:57.537873+00,2015-08-08 14:02:25.331019+00
1,La Matanza,G. Ferragut,Intendente,PROGRESISTAS,,,,,,,4,2015-08-08 13:51:57.537873+00,2015-08-08 14:02:25.331019+00
2,Lomas De Zamora,Martin Isaurralde,Intendente,FPV,INTENDENTE,,PJ,Dominguez,"2 años de gestión interina, en 2011 sacó el 66,33%",,5,2015-08-08 13:51:57.537873+00,2015-08-08 14:02:25.331019+00
2,Lomas De Zamora,Juan Maria Viñales,Intendente,FPV,CONCEJAL,Scioli,,,,,6,2015-08-08 13:51:57.537873+00,2015-08-08 14:02:25.331019+00
5,Lanús,Julián Álvarez,Intendente,FPV,SEC DE JUS DE LA NAC,,LA CAMPORA,Fernandez,,,21,2015-08-08 13:51:57.537873+00,2015-08-08 14:18:25.3711+00
5,Lanús,Nestor Gindetti,Intendente,CAMBIEMOS,MIN DE HAC DEL GCBA,,PRO,Vidal,,,22,2015-08-08 13:51:57.537873+00,2015-08-08 14:18:25.3711+00
5,Lanús,Nicolas Russo,Intendente,UNA,CONCEJAL,Posse / De La Torre,,Sola,Encabezó la lista 2013 y ganó / Presidente de bloque/Ex presid del C.A.Lanús,,23,2015-08-08 13:51:57.537873+00,2015-08-08 14:18:25.3711+00
2,Lomas De Zamora,Marcelo Pellegrino,Intendente,CAMBIEMOS,CONCEJAL,,UCR,Vidal,,,7,2015-08-08 13:51:57.537873+00,2015-08-08 14:02:25.331019+00
2,Lomas De Zamora,Gabriel Mércuri,Intendente,CAMBIEMOS,CONCEJAL,Cariglino,PERONISMO PRO,Vidal,Asumió por el FR / Hijo de Osvaldo Mércuri,,8,2015-08-08 13:51:57.537873+00,2015-08-08 14:02:25.331019+00
2,Lomas De Zamora,Ramiro Trezza,Intendente,UNA,CONCEJAL,De La Sota,FELIPE VALLESE,Sola,,,9,2015-08-08 13:51:57.537873+00,2015-08-08 14:02:25.331019+00
2,Lomas De Zamora,Juan Carlos Véliz,Intendente,UNA,CONCEJAL,,,Sola,Presidente de bloque / Ex FPV,,10,2015-08-08 13:51:57.537873+00,2015-08-08 14:02:25.331019+00
3,Quilmes,Walter Queijeiro,Intendente,UNA,CONCEJAL,,,Sola,Periodista dep / En 2013 le ganó a la lista de Gutiérrez,,11,2015-08-08 13:51:57.537873+00,2015-08-08 14:02:25.331019+00
3,Quilmes,Patricia Capparelli,Intendente,UNA,CONCEJAL,Mónica López,,Sola,Presidente de bloque,,12,2015-08-08 13:51:57.537873+00,2015-08-08 14:02:25.331019+00
3,Quilmes,Jorge Coronel,Intendente,PROGRESISTAS,,,,,,,13,2015-08-08 13:51:57.537873+00,2015-08-08 14:02:25.331019+00
3,Quilmes,M. Gorosito,Intendente,PROGRESISTAS,,,,,,,14,2015-08-08 13:51:57.537873+00,2015-08-08 14:02:25.331019+00
3,Quilmes,Jorge Villa,Intendente,PROGRESISTAS,,,,,,,15,2015-08-08 13:51:57.537873+00,2015-08-08 14:02:25.331019+00
4,Almirante Brown,Darío Giustozzi,Intendente,FPV,DIP NAC,,,Dominguez,"Int desde 2007. Ganó con 33%, en 2011 sacó más del 70%",,16,2015-08-08 13:51:57.537873+00,2015-08-08 14:02:25.331019+00
4,Almirante Brown,Mariano Cascallares,Intendente,FPV,TIT DEL IPS DE PBA,Scioli,,,,,17,2015-08-08 13:51:57.537873+00,2015-08-08 14:02:25.331019+00
4,Almirante Brown,Carlos Regazzoni,Intendente,CAMBIEMOS,SEC DEL MIN EDUC GCBA,,PRO,Vidal,,,18,2015-08-08 13:51:57.537873+00,2015-08-08 14:02:25.331019+00
4,Almirante Brown,Mauricio Silva,Intendente,UNA,,Puerta / De Narvaez,PERONISMO DISIDENTE,Sola,,,19,2015-08-08 13:51:57.537873+00,2015-08-08 14:02:25.331019+00
4,Almirante Brown,Arturo Rodriguez Anido,Intendente,PROGRESISTAS,,,,,,,20,2015-08-08 13:51:57.537873+00,2015-08-08 14:02:25.331019+00
6,Merlo,Raúl Otacehé,Intendente,FPV,INTENDENTE,,PJ,Dominguez,Int desde 1991. Compite por un séptimo mandato. Lleva 1° en la lista de conc a su hijo Pablo. Estuvo en el FR pero volvió. ,,26,2015-08-08 13:51:57.537873+00,2015-08-08 14:02:25.331019+00
6,Merlo,Gustavo Mendéndez,Intendente,FPV,CONCEJAL,Scioli,PJ,,Encabezó la lista 2013 del FR / Abandonó el FR por la llegada de Otacehe,,27,2015-08-08 13:51:57.537873+00,2015-08-08 14:02:25.331019+00
6,Merlo,Juan Leguizamón,Intendente,FPV,CONCEJAL,Alicia Kirchner,KOLINA,Dominguez,Ex N Encuentro / Tiene apoyo de U y Org,,28,2015-08-08 13:51:57.537873+00,2015-08-08 14:02:25.331019+00
6,Merlo,Pablo Cocuzza,Intendente,CAMBIEMOS,EMP INMOBILIARIO,,PRO,,,,29,2015-08-08 13:51:57.537873+00,2015-08-08 14:02:25.331019+00
23,San Fernando,Carlos Tinant,Intendente,PROGRESISTAS,,,,,,,142,2015-08-08 13:51:57.537873+00,2015-08-08 14:02:25.331019+00
5,Lanús,Gabriel De Masi,Intendente,UNA,CONCEJAL,De Narvaez / Cariglino,UNIÓN CELESTE Y BLANCA,Sola,,,24,2015-08-08 13:51:57.537873+00,2015-08-08 14:18:25.3711+00
5,Lanús,Maria La Rosa,Intendente,PROGRESISTAS,,,,,,,25,2015-08-08 13:51:57.537873+00,2015-08-08 14:18:25.3711+00
7,General San Martín,Gabriel Katopodis,Intendente,FPV,INTENDENTE,,PJ,Dominguez,"Int desde 2011, venció a Daniel Ivoskus (que se presentó por el FPV) con 37%. Estuvo en el FR y volvió. ",,31,2015-08-08 13:51:57.537873+00,2015-08-08 14:18:55.888437+00
7,General San Martín,Alejandro Phatouros,Intendente,FPV,CONCEJAL,,PERONISMO 2020,Dominguez,,,32,2015-08-08 13:51:57.537873+00,2015-08-08 14:18:55.888437+00
7,General San Martín,Hernán Letcher,Intendente,FPV,CONCEJAL,,LA CAMPORA,,"Fue precandidato a int en las PASO 2011. Lleva a Héctor Lanza, hombre de Alicia K como 1° concejal. ",,33,2015-08-08 13:51:57.537873+00,2015-08-08 14:18:55.888437+00
7,General San Martín,Ricardo Ivoskus,Intendente,CAMBIEMOS,PRIVADA,,UCR,Vidal,"Fue int tres períodos consecutivos, 99 - 03 - 07. En 2011 el candidato fue su hijo Daniel por el FPV. Lleva primera en la lista a Verónica Dalmon, ex secretaria de  Daniel. ",,34,2015-08-08 13:51:57.537873+00,2015-08-08 14:18:55.888437+00
7,General San Martín,Carlos Brown,Intendente,UNA,DIP NAC,Duhalde,,,"Fue Ministro de Duhalde en la PBA e int de SM entre el87 y el 91. Lleva primera en la lista a Verónica Dalmon, ex secretaria de   ",,35,2015-08-08 13:51:57.537873+00,2015-08-08 14:18:55.888437+00
7,General San Martín,Germán Svagelj,Intendente,PROGRESISTAS,,,,,,,36,2015-08-08 13:51:57.537873+00,2015-08-08 14:18:55.888437+00
10,Tres De Febrero,G. Neirotti,Intendente,PROGRESISTAS,,,,,,,55,2015-08-08 13:51:57.537873+00,2015-08-08 14:02:25.331019+00
15,Vicente Lopez,Carlos Arena,Intendente,UNA,,De Narvaez,FR,Sola,Tiene el apoyo del partido UNIR de Alberto Asseff,,91,2015-08-08 13:51:57.537873+00,2015-08-08 14:02:25.331019+00
8,Moreno,Mariano West,Intendente,FPV,INTENDENTE,,,,"Gana la int en el 95, reelegido en el 99. En 2002 es Ministro de la PBA, en 2005 dip nac por el FPV y en 2011 renuncia a la banca para volver a la intendencia. ",,37,2015-08-08 13:51:57.537873+00,2015-08-08 14:02:25.331019+00
8,Moreno,Walter Festa,Intendente,FPV,CONCEJAL,Ottavis,PERONISMO KIRCHNERISTA,,Ex aliado de West,,38,2015-08-08 13:51:57.537873+00,2015-08-08 14:02:25.331019+00
8,Moreno,Leonardo Cóppola,Intendente,CAMBIEMOS,CONCEJAL,Jorge Macri,PRO,Vidal,Entró por el FR pero conformó el monobloque PRO. Integró el gabintete de Macri en VL. ,,39,2015-08-08 13:51:57.537873+00,2015-08-08 14:02:25.331019+00
8,Moreno,Damian Contreras,Intendente,UNA,CONCEJAL,,,,En el 95 compitió por la intendencia contraWest. Algunos loo señalan como hombre suyo. ,,40,2015-08-08 13:51:57.537873+00,2015-08-08 14:02:25.331019+00
8,Moreno,Anibal Asseff,Intendente,UNA,,,,Sola,"Ex Acción Católica y UCEDE, en 2009 fue elegido Sen Prov por UNION PRO. Hijo de Julio Anibal, ex intendente 80 - 83 y 91 - 95. ",,41,2015-08-08 13:51:57.537873+00,2015-08-08 14:02:25.331019+00
8,Moreno,Lucas Franco,Intendente,PROGRESISTAS,,,,,,,42,2015-08-08 13:51:57.537873+00,2015-08-08 14:02:25.331019+00
9,Avellaneda,Jorge Ferraresi,Intendente,FPV,INTENDENTE,,,Neutral,En 2009 asume como interino en reemplazo de Cacho Alvarez (4 mandatos). En 2011 fue electo con el 54%,,43,2015-08-08 13:51:57.537873+00,2015-08-08 14:02:25.331019+00
9,Avellaneda,Gladys Gonzalez,Intendente,CAMBIEMOS,DIP NAC,,PRO,Vidal,Fue dir del Banco Ciudad y Subsec de At Ciudadana. ,,44,2015-08-08 13:51:57.537873+00,2015-08-08 14:02:25.331019+00
9,Avellaneda,Sandra Alice,Intendente,UNA,CONCEJAL,,,Sola,Presidenta del bloque del FR.,,45,2015-08-08 13:51:57.537873+00,2015-08-08 14:02:25.331019+00
9,Avellaneda,Armando Bertolotto,Intendente,UNA,CONCEJAL,De Narvaez,,Sola,Ex hombre de Ferraresi. ,,46,2015-08-08 13:51:57.537873+00,2015-08-08 14:02:25.331019+00
9,Avellaneda,Jorge Alessi,Intendente,UNA,CONCEJAL,Sola / Cacho Alvarez,,Sola,,,47,2015-08-08 13:51:57.537873+00,2015-08-08 14:02:25.331019+00
10,Tres De Febrero,Hugo Curto,Intendente,FPV,INTENDENTE,,PJ,Dominguez,Int desde 1991. Compite por un séptimo mandato.  ,,48,2015-08-08 13:51:57.537873+00,2015-08-08 14:02:25.331019+00
10,Tres De Febrero,Marcelo Locatti,Intendente,CAMBIEMOS,EMPRESARIO,,UCR,,Presentta una lista radical pura. ,,49,2015-08-08 13:51:57.537873+00,2015-08-08 14:02:25.331019+00
10,Tres De Febrero,Diego Valenzuela,Intendente,CAMBIEMOS,SUBSEC UPE AMBA - GCBA,,PRO,Vidal,,,50,2015-08-08 13:51:57.537873+00,2015-08-08 14:02:25.331019+00
10,Tres De Febrero,Eduardo Márquez,Intendente,UNA,CONCEJAL,,,Sola,Hasta hace unos meses integraba el bloque de Curto. Tiene el rechazo de Caamaño. ,,52,2015-08-08 13:51:57.537873+00,2015-08-08 14:02:25.331019+00
10,Tres De Febrero,Martín Jofré,Intendente,UNA,CONCEJAL,Caamaño,,Sola,Empresario de la noche. ,,53,2015-08-08 13:51:57.537873+00,2015-08-08 14:02:25.331019+00
10,Tres De Febrero,Francisco Soraci,Intendente,UNA,,Cariglino,,Sola,En 2011 fue candidato a intendente por Comp Fed (R Saá),,54,2015-08-08 13:51:57.537873+00,2015-08-08 14:02:25.331019+00
11,San Isidro,Francisco Cafiero,Intendente,FPV,FUNC PBA,,,,"Lleva primero en la lista a Juan Ottavis, hermano de José, dirigente de La Cámpora. ",,58,2015-08-08 13:51:57.537873+00,2015-08-08 14:02:25.331019+00
11,San Isidro,Gustavo Posse,Intendente,CAMBIEMOS,INTENDENTE,,UCR,Vidal,,,59,2015-08-08 13:51:57.537873+00,2015-08-08 14:02:25.331019+00
11,San Isidro,Guillermo Montenegro,Intendente,CAMBIEMOS,MIN SEG GCBA,Michetti,PRO,Vidal,,,60,2015-08-08 13:51:57.537873+00,2015-08-08 14:02:25.331019+00
11,San Isidro,Marcela Durrieu,Intendente,UNA,CONCEJAL,Massa,,Sola,Es la suegra de Massa,,61,2015-08-08 13:51:57.537873+00,2015-08-08 14:02:25.331019+00
11,San Isidro,E. Aguirre,Intendente,PROGRESISTAS,,,,,,,62,2015-08-08 13:51:57.537873+00,2015-08-08 14:02:25.331019+00
11,San Isidro,Lucio Acosta,Intendente,PROGRESISTAS,,,,,,,63,2015-08-08 13:51:57.537873+00,2015-08-08 14:02:25.331019+00
11,San Isidro,P. Chamatropoulos,Intendente,PROGRESISTAS,,,,,,,64,2015-08-08 13:51:57.537873+00,2015-08-08 14:02:25.331019+00
11,San Isidro,Carlos Perini,Intendente,PROGRESISTAS,,,,,,,65,2015-08-08 13:51:57.537873+00,2015-08-08 14:02:25.331019+00
12,Florencio Varela,Julio Pereyra,Intendente,FPV,INTENDENTE,,PJ,,Int desde 1992. Es apoyado por Anibal Fernández. ,,66,2015-08-08 13:51:57.537873+00,2015-08-08 14:02:25.331019+00
12,Florencio Varela,Héctor Salatino,Intendente,FPV,CONCEJAL,Sabbatella,NUEVO ENCUENTRO,Fernandez,Ex hombre de Pereyra. En 2011 creó el bloque N. Encuentro. ,,67,2015-08-08 13:51:57.537873+00,2015-08-08 14:02:25.331019+00
12,Florencio Varela,Dardo Otonello,Intendente,CAMBIEMOS,CONCEJAL,,PRO,Vidal,"Ex FR, sobre la hora se pasó al PRO. ",,68,2015-08-08 13:51:57.537873+00,2015-08-08 14:02:25.331019+00
12,Florencio Varela,Roberto Angeletti,Intendente,CAMBIEMOS,PRIVADA,Sanz,UCR,Vidal,,,69,2015-08-08 13:51:57.537873+00,2015-08-08 14:02:25.331019+00
12,Florencio Varela,Ernersto Daniel Zisuela,Intendente,UNA,SINDICALISTA,Caamaño,,Sola,,,70,2015-08-08 13:51:57.537873+00,2015-08-08 14:02:25.331019+00
12,Florencio Varela,A. Estupiñan,Intendente,PROGRESISTAS,,,,,,,71,2015-08-08 13:51:57.537873+00,2015-08-08 14:02:25.331019+00
12,Florencio Varela,Jorge Denis,Intendente,PROGRESISTAS,,,,,,,72,2015-08-08 13:51:57.537873+00,2015-08-08 14:02:25.331019+00
13,Tigre,Sergio Szpolzski,Intendente,FPV,EMPRESARIO,,,,"Lleva en la lista a Pablo Gianella, dirigente locall de La Cámpora",,73,2015-08-08 13:51:57.537873+00,2015-08-08 14:02:25.331019+00
13,Tigre,Roberto Passo,Intendente,FPV,SINDICALISTA,,,,"Ex dip prov, es tutular de la Obra Soc del Personal del ACA. ",,74,2015-08-08 13:51:57.537873+00,2015-08-08 14:02:25.331019+00
13,Tigre,E. Casaretto,Intendente,CAMBIEMOS,,,VECINALISTA,Vidal,Fue Sec de Gob de Ubieto. En 2007 perdió contra Massa. Lleva 2° en la lista al actor Segundo Cernadas. ,,75,2015-08-08 13:51:57.537873+00,2015-08-08 14:02:25.331019+00
13,Tigre,Julio Zamora,Intendente,UNA,INTENDENTE,Massa,FR,Sola,Sucedió a Massa en 2013,,76,2015-08-08 13:51:57.537873+00,2015-08-08 14:02:25.331019+00
15,Vicente Lopez,Enrique García,Intendente,FPV,DIR AYSA,,,,Fue intendente desde el 87 al 2011 cuando perdió con Jorge Macri,,87,2015-08-08 13:51:57.537873+00,2015-08-08 14:02:25.331019+00
15,Vicente Lopez,Jorge Macri,Intendente,CAMBIEMOS,INTENDENTE,,PRO,Vidal,Le ganó a García en 2011 por 38% contra 34%,,88,2015-08-08 13:51:57.537873+00,2015-08-08 14:02:25.331019+00
15,Vicente Lopez,Luis Palomino,Intendente,CAMBIEMOS,,Sanz,UCR,Vidal,Tiene el apoyo de Storani,,89,2015-08-08 13:51:57.537873+00,2015-08-08 14:02:25.331019+00
15,Vicente Lopez,Adrian Perez,Intendente,UNA,DIP NAC,Massa,FR,Sola,Ex CC,,90,2015-08-08 13:51:57.537873+00,2015-08-08 14:02:25.331019+00
15,Vicente Lopez,A. Gonzalez,Intendente,PROGRESISTAS,,,,,,,92,2015-08-08 13:51:57.537873+00,2015-08-08 14:02:25.331019+00
15,Vicente Lopez,Oscar Corradi,Intendente,PROGRESISTAS,,,,,,,93,2015-08-08 13:51:57.537873+00,2015-08-08 14:02:25.331019+00
16,Berazategui,Patricio Mussi,Intendente,FPV,INTENDENTE,Juan José Mussi,LOS OKTUBRES,Dominguez,Asumió en 2010 en reemplazo de su padre. En 2011 ganó con el 70%. Su padre ganó la int por 1° vez en 1987,,94,2015-08-08 13:51:57.537873+00,2015-08-08 14:02:25.331019+00
16,Berazategui,Gabriel Kunz,Intendente,CAMBIEMOS,PRIVADA,Jorge Macri,PRO,Vidal,Dirigente del PRO local. ,,95,2015-08-08 13:51:57.537873+00,2015-08-08 14:02:25.331019+00
16,Berazategui,Argentino Geneiro,Intendente,UNA,CONCEJAL,Duhalde,,,,,96,2015-08-08 13:51:57.537873+00,2015-08-08 14:02:25.331019+00
17,Malvinas Argentinas,Leonardo Nardini,Intendente,FPV,TIT DEL ANSES LOCAL,Alicia Kirchner,KOLINA,Dominguez,Tiene el apoyo de SMATA,,97,2015-08-08 13:51:57.537873+00,2015-08-08 14:02:25.331019+00
17,Malvinas Argentinas,Silvio Lescano,Intendente,FPV,,Fernando Abal Medina,DESCAMISADOS,,Muy cercano a La Cámpora,,98,2015-08-08 13:51:57.537873+00,2015-08-08 14:02:25.331019+00
17,Malvinas Argentinas,Alberto Czerni,Intendente,CAMBIEMOS,,Emilio Monzó,PRO,Vidal,,,99,2015-08-08 13:51:57.537873+00,2015-08-08 14:02:25.331019+00
17,Malvinas Argentinas,Jesús Cariglino,Intendente,UNA,INTENDENTE,,PJ,Sola,Int desde 1995. Estuvo alineado con el FPV pero en 2011 compitió por el FP de Duahalde y sacó el 47% contra 17% de Vivona el cand del FPV. ,,100,2015-08-08 13:51:57.537873+00,2015-08-08 14:02:25.331019+00
17,Malvinas Argentinas,Hector Valdivia,Intendente,UNA,,,PERÓN VIVE,Sola,Era el candidato de Giustozzi.,,101,2015-08-08 13:51:57.537873+00,2015-08-08 14:02:25.331019+00
17,Malvinas Argentinas,Horacio Quiroz,Intendente,PROGRESISTAS,,,,,,,102,2015-08-08 13:51:57.537873+00,2015-08-08 14:02:25.331019+00
17,Malvinas Argentinas,Gabriela Aranda,Intendente,PROGRESISTAS,,,,,,,103,2015-08-08 13:51:57.537873+00,2015-08-08 14:02:25.331019+00
18,San Miguel ,Franco La Porta,Intendente,FPV,FUNC PBA,Scioli,,,"Ex dip prov, fue el mentor de de la Torre",,104,2015-08-08 13:51:57.537873+00,2015-08-08 14:02:25.331019+00
18,San Miguel ,Francisco Coll Areco,Intendente,FPV,SEN PROV,Scioli,,,Está negociando el apoyo de Rico. ,,105,2015-08-08 13:51:57.537873+00,2015-08-08 14:02:25.331019+00
18,San Miguel ,Carlos Tapia,Intendente,FPV,SUBSEC DEP SOC - PBA,Scioli,,,Fue la primera opción de Scioli pero no mide. ,,106,2015-08-08 13:51:57.537873+00,2015-08-08 14:02:25.331019+00
18,San Miguel ,Bruno Baschetti,Intendente,FPV,CONCEJAL,Sabbatella,PERONISMO MILITANTE,Fernandez,Presidente del bloque del FPV,,107,2015-08-08 13:51:57.537873+00,2015-08-08 14:02:25.331019+00
18,San Miguel ,Octavio Frigerio,Intendente,CAMBIEMOS,,,PRO,Vidal,"Padre de Rogelio, ex embajador, ex dip nac y ex grupo Clarín. Tiene el apoyo de Santiago Cúneo. ",,108,2015-08-08 13:51:57.537873+00,2015-08-08 14:02:25.331019+00
18,San Miguel ,Joaquín De La Torre,Intendente,UNA,INTENDENTE,,,Sola,Ganó en 2007 por el FPV con el 28% y en 2011 sacó 53% contra el 23% de Rico. Fue asesor de Solá durante su gobernación. Entre 2005 y 2oo7 fue presidente de Regatas de Bella Vista.  ,,109,2015-08-08 13:51:57.537873+00,2015-08-08 14:02:25.331019+00
18,San Miguel ,P. Grahmann,Intendente,PROGRESISTAS,,,,,,,110,2015-08-08 13:51:57.537873+00,2015-08-08 14:02:25.331019+00
18,San Miguel ,F. Gonzalez,Intendente,PROGRESISTAS,,,,,,,111,2015-08-08 13:51:57.537873+00,2015-08-08 14:02:25.331019+00
20,José C. Paz,Mario Ishi,Intendente,FPV,SEN PROV,,PJ,,Fue intendente del 99 a 2007 cuando obtuvo el 62%. En 2011 le dejó su lugar a Carlos N Urquiaga quien intentó disputarle el poder. ,,120,2015-08-08 13:51:57.537873+00,2015-08-08 14:02:25.331019+00
20,José C. Paz,Ezequiel Pazos,Intendente,CAMBIEMOS,DIR MAyEP - GCBA,,PRO,Vidal,,,121,2015-08-08 13:51:57.537873+00,2015-08-08 14:02:25.331019+00
14,Morón,Pablo Navarro,Intendente,FPV,FUNC PBA,Scioli,,,Es el candidato de Scioli.,,79,2015-08-08 13:51:57.537873+00,2015-08-08 14:04:14.607711+00
19,Esteban Echeverría,Fernando Gray,Intendente,FPV,INTENDENTE,,,,Asumió en 2007 con el 24% desbancando a Groppi. En 2011 fue reelegido con el 63%. En 2013 su mujer Magdalena Goris encabezó la lista de concejales y perdió a manos del FR.  ,,112,2015-08-08 13:51:57.537873+00,2015-08-08 14:17:36.378148+00
19,Esteban Echeverría,Alberto Dodero,Intendente,FPV,DIR AYSA,Sabbatella,NUEVO ENCUENTRO,Fernandez,Vinculado históricamente a Granados. En 2011 le hizo internas a Gray presentando colectora por  NE.,,113,2015-08-08 13:51:57.537873+00,2015-08-08 14:17:36.378148+00
19,Esteban Echeverría,Evert Van Tooren,Intendente,CAMBIEMOS,,Jorge Macri,PRO,Vidal,Fue concejal y candidato a dip prov por el FR.,,114,2015-08-08 13:51:57.537873+00,2015-08-08 14:17:36.378148+00
19,Esteban Echeverría,Nestor Pulichino,Intendente,UNA,CONCEJAL,,,Sola,"Presidente del HCD, era hombre de Giustozzi.",,115,2015-08-08 13:51:57.537873+00,2015-08-08 14:17:36.378148+00
19,Esteban Echeverría,Roberto Devoto,Intendente,UNA,CONCEJAL,Caamaño,,Sola,,,116,2015-08-08 13:51:57.537873+00,2015-08-08 14:17:36.378148+00
19,Esteban Echeverría,Fernando Sousa,Intendente,UNA,CONCEJAL,De Narvaez,,Sola,,,117,2015-08-08 13:51:57.537873+00,2015-08-08 14:17:36.378148+00
19,Esteban Echeverría,Gabriel Camera,Intendente,PROGRESISTAS,,,,,,,118,2015-08-08 13:51:57.537873+00,2015-08-08 14:17:36.378148+00
20,José C. Paz,Fabian Carballo,Intendente,UNA,EMPRESARIO,,,,Lo señalan como socio de Ishii en muchos negocios. Está casado con la modelo Natalia Fassi. ,,122,2015-08-08 13:51:57.537873+00,2015-08-08 14:02:25.331019+00
20,José C. Paz,Cristian García,Intendente,PROGRESISTAS,,,,,,,123,2015-08-08 13:51:57.537873+00,2015-08-08 14:02:25.331019+00
21,Hurlingham,Juan Zabaleta,Intendente,FPV,CONCEJAL,,,,En 2013 encabezó la lista. Es apoyado por Anibal y Sabbatella. No es de La Cámpora pero es muy afín. ,,124,2015-08-08 13:51:57.537873+00,2015-08-08 14:02:25.331019+00
21,Hurlingham,Lucas Delfino,Intendente,CAMBIEMOS,CONCEJAL,Rogelio Frigerio,PRO,Vidal,,,125,2015-08-08 13:51:57.537873+00,2015-08-08 14:02:25.331019+00
21,Hurlingham,Luis E. Acuña,Intendente,UNA,INTENDENTE,,PJ,Sola,"Asume en 2001 como interino. En 2003 es elegido y en 2007 y 2011, reelegido. En 2013 se alineo con el FR y su hijo Fabrizzio encabezó la lista e hizo la peor performanced del FR en el conurbano.  ",,126,2015-08-08 13:51:57.537873+00,2015-08-08 14:02:25.331019+00
21,Hurlingham,Mónica López,Intendente,PROGRESISTAS,,,,,,,127,2015-08-08 13:51:57.537873+00,2015-08-08 14:02:25.331019+00
22,Ituzaingo,Alberto Descalzo,Intendente,FPV,INTENDENTE,,PJ,Dominguez,"Asume en el 95 cuando se crea el partido. Fue reelecto en 2003, 2007, y 2011. ",,128,2015-08-08 13:51:57.537873+00,2015-08-08 14:02:25.331019+00
22,Ituzaingo,Daniel Larrache,Intendente,FPV,DIR DE AFSCA,Sabbatella,NUEVO ENCUENTRO,Fernandez,"Fue candidato a int en 2011. Antes de la impiugnación promovida por Descalzo, Brancatelli iba a integrar su lista. ",,129,2015-08-08 13:51:57.537873+00,2015-08-08 14:02:25.331019+00
22,Ituzaingo,Osvaldo Marasco,Intendente,CAMBIEMOS,EMPRESARIO INMOBILIARIO,Marcos Peña,PRO,Vidal,Fue Sec de Obras Públicas de Descalzo entre 2003 y 2007. ,,130,2015-08-08 13:51:57.537873+00,2015-08-08 14:02:25.331019+00
22,Ituzaingo,Gabriel Pozzutto,Intendente,CAMBIEMOS,EMPRESARIO,,PRO - UCR,Vidal,"Dirigente local del PRO, fue asesor de Tagliaferro. La llegada de Marasco lo desplazó. Va a competir en la boleta de Sanz.",,131,2015-08-08 13:51:57.537873+00,2015-08-08 14:02:25.331019+00
22,Ituzaingo,Ricardo Sequeiro,Intendente,CAMBIEMOS,PEDIATRA,Sanz,UCR,Vidal,No tiene trayectoria en la función pública. ,,132,2015-08-08 13:51:57.537873+00,2015-08-08 14:02:25.331019+00
22,Ituzaingo,Roberto Rocha,Intendente,UNA,CONCEJAL,,FR,Sola,Fue secretario privado de Descalzo. Es apoyado por Sebastián Galmarini el cuñado de Massa. ,,133,2015-08-08 13:51:57.537873+00,2015-08-08 14:02:25.331019+00
22,Ituzaingo,Carlos Acuña,Intendente,UNA,CONCEJAL,Caamaño,FR,Sola,"Su padre es dip prov, titular del Sind de Trabajadores de Estaciones de Servicio y amigo de Barrionuevo. ",,134,2015-08-08 13:51:57.537873+00,2015-08-08 14:02:25.331019+00
22,Ituzaingo,Nahuel Segovia,Intendente,PROGRESISTAS,,,,,,,135,2015-08-08 13:51:57.537873+00,2015-08-08 14:02:25.331019+00
23,San Fernando,Matias Molle,Intendente,FPV,DIR DEL RENAR,,LA CAMPORA,,"Yerno de Amieiro. Lleva primero en la lista a Carlos ""Chapa"" Retegui, ex DT de Las Leonas y actual de Los Leones. ",,136,2015-08-08 13:51:57.537873+00,2015-08-08 14:02:25.331019+00
23,San Fernando,Osvaldo Amieiro,Intendente,FPV,CONCEJAL,,PJ,,Fue intendente desde 1995 hasta 2009 cunado fue Mn de Gob de Solá. Andreotti asumió como interino. ,,137,2015-08-08 13:51:57.537873+00,2015-08-08 14:02:25.331019+00
23,San Fernando,Gustavo Aguilera,Intendente,FPV,PRESIDENTE PJ SF,Scioli,PJ,,,,138,2015-08-08 13:51:57.537873+00,2015-08-08 14:02:25.331019+00
23,San Fernando,Alex Campbell,Intendente,CAMBIEMOS,CONCEJAL,,PRO,Vidal,En 2013 compitió con boleta corta y sacó el 12%. Se consideró una muy buena elección. ,,139,2015-08-08 13:51:57.537873+00,2015-08-08 14:02:25.331019+00
23,San Fernando,Luis Andreotti,Intendente,UNA,INTENDENTE,Massa,FR,Sola,"Asumió como interino en 2009 y en 2011, con apoyo de Massa ganó por derecho propio con el 43,97% contra el 32,69% de Amieiro.  ",,140,2015-08-08 13:51:57.537873+00,2015-08-08 14:02:25.331019+00
23,San Fernando,Claudio Servetto,Intendente,PROGRESISTAS,,,,,,,141,2015-08-08 13:51:57.537873+00,2015-08-08 14:02:25.331019+00
24,Ezeiza,Alejandro Granados,Intendente,FPV,MIN SEG PBA,,,Dominguez,Int desde el 95 cuando se creó el partido. En 2011 ganó con el 66%. En 2013 pidió licencia. Ahora lleva a su hijo como 2° concejal. ,,143,2015-08-08 13:51:57.537873+00,2015-08-08 14:02:25.331019+00
24,Ezeiza,Rubén Barbani,Intendente,CAMBIEMOS,VETERINARIO,,PRO,Vidal,En 2011 fue candidato a int por el FP de Duhalde.,,144,2015-08-08 13:51:57.537873+00,2015-08-08 14:02:25.331019+00
24,Ezeiza,Leonor Granados,Intendente,UNA,SEN PROV,Massa,FR,Sola,"Asumió por el FPV. Es hna de Alejandro. Está muy enfrentada con dulce, su mujer. ",,145,2015-08-08 13:51:57.537873+00,2015-08-08 14:02:25.331019+00
24,Ezeiza,Roberto Mosto,Intendente,UNA,,Caamaño,FR,Sola,Fue Sec de Gob de Granados. En 2011 encabezó la lista de conc del PJ disidente pero no alcanzaqron ni el 10%. ,,146,2015-08-08 13:51:57.537873+00,2015-08-08 14:02:25.331019+00
24,Ezeiza,Juan J. Trámite,Intendente,UNA,,,,,,,147,2015-08-08 13:51:57.537873+00,2015-08-08 14:02:25.331019+00
24,Ezeiza,Selva Herbón,Intendente,PROGRESISTAS,,,,,,,148,2015-08-08 13:51:57.537873+00,2015-08-08 14:02:25.331019+00
24,Ezeiza,J. C. Barrionuevo,Intendente,PROGRESISTAS,,,,,,,149,2015-08-08 13:51:57.537873+00,2015-08-08 14:02:25.331019+00
14,Morón,Hernan Sabbatella,Intendente,FPV,CONCEJAL,Sabbatella,NUEVO ENCUENTRO,Fernandez,"Presidente del HCD, lleva 3° en la lista a Diego Spina, presidente de Dep Morón. ",,78,2015-08-08 13:51:57.537873+00,2015-08-08 14:04:14.607711+00
14,Morón,Pablo Solito,Intendente,FPV,PRESIDENTE PJ MORON,,,Dominguez,,,80,2015-08-08 13:51:57.537873+00,2015-08-08 14:04:14.607711+00
14,Morón,Ramiro Tagliaferro,Intendente,CAMBIEMOS,CONCEJAL,Vidal,PRO,Vidal,"Marido de Vidal, entró por el FR, ex dip prov.",,81,2015-08-08 13:51:57.537873+00,2015-08-08 14:04:14.607711+00
14,Morón,Carlos Darío Ulloa,Intendente,CAMBIEMOS,,Alfonsín,UCR,Vidal,Armó lista radical pura,,82,2015-08-08 13:51:57.537873+00,2015-08-08 14:04:14.607711+00
14,Morón,Martin Marinucci,Intendente,UNA,CONCEJAL,,,Sola,En 2011 fue candidato a intendente por el FPV. Perdió contra Ghi. ,,83,2015-08-08 13:51:57.537873+00,2015-08-08 14:04:14.607711+00
14,Morón,Mario Mazzitelli,Intendente,PROGRESISTAS,,,,,,,84,2015-08-08 13:51:57.537873+00,2015-08-08 14:04:14.607711+00
14,Morón,Fabio Martinez,Intendente,PROGRESISTAS,,,,,,,85,2015-08-08 13:51:57.537873+00,2015-08-08 14:04:14.607711+00
14,Morón,Mauro Lopez,Intendente,PROGRESISTAS,,,,,,,86,2015-08-08 13:51:57.537873+00,2015-08-08 14:04:14.607711+00
19,Esteban Echeverría,Ciarletta Harguindeguy,Intendente,PROGRESISTAS,,,,,,,119,2015-08-08 13:51:57.537873+00,2015-08-08 14:17:36.378148+00
